City_ID,City,Lat,Lng,Max Temp,Humidity,Cloudiness,Wind Speed,Country,Date
0,narsaq,60.9167,-46.05,1.12,70,100,3.41,GL,1673350873
1,zharkent,44.1628,80.0,-1.65,97,100,3.72,KZ,1673350873
2,hermanus,-34.4187,19.2345,23.78,64,32,5.36,ZA,1673350874
3,caravelas,-17.7125,-39.2481,28.64,62,77,2.88,BR,1673350874
4,iqaluit,63.7506,-68.5145,-29.15,76,0,8.23,CA,1673350874
5,san quintin,30.4833,-115.95,13.8,71,100,1.33,MX,1673350875
6,moose factory,51.2585,-80.6094,-27.01,83,0,1.54,CA,1673350875
7,chokurdakh,70.6333,147.9167,-37.36,100,96,1.07,RU,1673350875
8,morant bay,17.8815,-76.4093,24.79,81,1,2.03,JM,1673350875
9,rikitea,-23.1203,-134.9692,25.67,76,23,5.55,PF,1673350875
10,hobart,-42.8794,147.3294,14.92,72,75,3.09,AU,1673350725
11,kaitangata,-46.2817,169.8464,13.29,95,100,1.27,NZ,1673350876
12,poum,-20.2333,164.0167,26.28,58,58,6.38,NC,1673350876
13,busselton,-33.65,115.3333,18.57,77,2,6.59,AU,1673350877
14,east london,-33.0153,27.9116,27.52,83,0,5.66,ZA,1673350687
15,albany,42.6001,-73.9662,1.7,84,93,3.39,US,1673350877
16,lebu,-37.6167,-73.65,14.49,76,63,7.58,CL,1673350877
17,kangaba,11.9333,-8.4167,31.52,11,81,4.67,ML,1673350878
18,tiksi,71.6872,128.8694,-32.14,100,99,1.47,RU,1673350878
19,srikakulam,18.3,83.9,22.67,57,0,4.19,IN,1673350878
20,tuktoyaktuk,69.4541,-133.0374,-25.86,100,91,4.52,CA,1673350878
21,carnarvon,-24.8667,113.6333,24.04,68,0,9.3,AU,1673350879
22,goundam,16.4145,-3.6708,28.16,10,31,8.19,ML,1673350879
23,ushuaia,-54.8,-68.3,9.81,71,75,8.23,AR,1673350879
24,husavik,66.0449,-17.3389,0.72,98,100,4.55,IS,1673350879
25,cape town,-33.9258,18.4232,27.84,50,20,6.17,ZA,1673350742
26,paso de los toros,-32.8167,-56.5167,26.67,51,0,5.39,UY,1673350880
27,san cristobal,7.7669,-72.225,18.1,96,81,1.23,VE,1673350880
28,naifaru,5.4444,73.3657,26.52,78,90,5.62,MV,1673350880
29,volchikha,52.0333,80.3833,-28.81,100,86,2.01,RU,1673350880
30,derzhavinsk,51.1,66.3167,-31.87,99,23,2.3,KZ,1673350880
31,new norfolk,-42.7826,147.0587,14.72,66,66,0.54,AU,1673350881
32,castro,-24.7911,-50.0119,18.0,93,99,3.93,BR,1673350881
33,vostok,46.4856,135.8833,-16.44,95,89,1.73,RU,1673350881
34,smoky lake,54.1169,-112.4686,-7.6,86,100,1.03,CA,1673350882
35,severo-kurilsk,50.6789,156.125,-6.07,73,75,2.67,RU,1673350882
36,mehamn,71.0357,27.8492,-2.03,80,40,11.32,NO,1673350882
37,qaanaaq,77.484,-69.3632,-28.5,97,100,0.9,GL,1673350883
38,saldanha,-33.0117,17.9442,25.03,68,25,5.73,ZA,1673350883
39,panguna,-6.3164,155.4848,20.68,96,100,0.72,PG,1673350883
40,sitka,57.0531,-135.33,2.94,70,0,2.57,US,1673350884
41,atuona,-9.8,-139.0333,25.76,69,21,5.74,PF,1673350884
42,hamilton,39.1834,-84.5333,2.18,83,75,4.12,US,1673350884
43,kokopo,-4.352,152.2633,26.39,80,100,1.82,PG,1673350884
44,kavieng,-2.5744,150.7967,27.95,70,100,1.7,PG,1673350779
45,provideniya,64.3833,-173.3,-14.79,76,0,5.01,RU,1673350885
46,sainte-savine,48.2964,4.0464,4.97,93,0,6.17,FR,1673350886
47,itanhandu,-22.2958,-44.9347,19.38,95,100,1.36,BR,1673350886
48,samarai,-10.6167,150.6667,27.29,78,97,4.1,PG,1673350886
49,buala,-8.145,159.5921,26.4,77,100,2.59,SB,1673350887
50,talnakh,69.4865,88.3972,-41.0,82,33,0.42,RU,1673350887
51,cidreira,-30.1811,-50.2056,23.66,72,100,5.24,BR,1673350887
52,zalaegerszeg,46.84,16.8439,5.77,70,100,11.65,HU,1673350887
53,dikson,73.5069,80.5464,-37.5,99,66,2.48,RU,1673350887
54,mataura,-46.1927,168.8643,13.9,99,100,0.59,NZ,1673350888
55,jaisalmer,26.9147,70.9181,23.29,14,3,1.43,IN,1673350888
56,kudahuvadhoo,2.6708,72.8944,27.32,74,19,5.74,MV,1673350889
57,guerrero negro,27.9769,-114.0611,13.76,79,52,2.7,MX,1673350889
58,staffanstorp,55.6428,13.2064,7.26,92,75,5.14,SE,1673350889
59,yellowknife,62.456,-114.3525,-11.71,92,100,1.03,CA,1673350889
60,pevek,69.7008,170.3133,-22.46,95,100,1.83,RU,1673350890
61,palu,-0.8917,119.8707,24.5,92,100,0.34,ID,1673350890
62,linxia,35.6003,103.2064,1.75,36,75,1.07,CN,1673350808
63,nouakchott,18.0858,-15.9785,23.96,21,100,9.24,MR,1673350842
64,broome,42.2506,-75.833,1.03,88,100,3.6,US,1673350890
65,kieta,-6.2167,155.6333,26.64,83,100,2.15,PG,1673350891
66,pisco,-13.7,-76.2167,18.03,88,54,1.54,PE,1673350891
67,vila velha,-20.3297,-40.2925,27.97,81,40,4.12,BR,1673350891
68,tura,25.5198,90.2201,16.17,59,0,1.03,IN,1673350892
69,paamiut,61.994,-49.6678,-5.08,69,100,3.05,GL,1673350892
70,half moon bay,37.4636,-122.4286,13.33,83,100,13.89,US,1673350892
71,la asuncion,11.0333,-63.8628,23.85,100,8,4.12,VE,1673350893
72,mount isa,-20.7333,139.5,27.87,74,98,2.57,AU,1673350893
73,kodiak,57.79,-152.4072,3.73,93,100,4.63,US,1673350893
74,chuy,-33.6971,-53.4616,24.38,59,2,3.37,UY,1673350894
75,jamestown,42.097,-79.2353,1.77,70,100,2.57,US,1673350894
76,sur,22.5667,59.5289,27.83,46,0,8.0,OM,1673350895
77,nha trang,12.25,109.1833,23.0,92,71,2.58,VN,1673350663
78,hambantota,6.1241,81.1185,31.19,62,20,4.12,LK,1673350607
79,vaini,-21.2,-175.2,27.09,94,75,2.06,TO,1673350895
80,mantua,45.1667,10.7833,15.75,69,6,4.47,IT,1673350895
81,visby,57.6409,18.296,5.59,93,75,7.72,SE,1673350895
82,barrow,71.2906,-156.7887,-23.99,77,0,5.14,US,1673350896
83,lorengau,-2.0226,147.2712,27.49,76,100,1.71,PG,1673350896
84,tombouctou,20.0,-3.0,24.73,12,70,7.06,ML,1673350896
85,beringovskiy,63.05,179.3167,-18.34,99,100,4.02,RU,1673350896
86,codrington,-38.2667,141.9667,14.13,93,47,3.65,AU,1673350897
87,watsa,3.0372,29.5355,30.73,30,97,1.66,CD,1673350897
88,sabla,12.7525,4.7077,29.45,11,54,8.0,NG,1673350897
89,esperance,-33.8667,121.9,25.94,51,78,10.34,AU,1673350897
90,salalah,17.0151,54.0924,27.05,57,20,3.6,OM,1673350897
91,puerto ayora,-0.7393,-90.3518,19.19,95,72,1.77,EC,1673350897
92,impfondo,1.6381,18.0667,37.81,17,25,1.69,CG,1673350898
93,santa fe,-31.6333,-60.7,27.94,49,0,1.34,AR,1673350898
94,elizabeth city,36.2946,-76.2511,0.01,93,0,0.0,US,1673350898
95,soverato,38.685,16.5499,8.97,59,78,9.35,IT,1673350898
96,kargopol,61.5071,38.9456,-16.73,83,99,5.51,RU,1673350898
97,santa rosa,14.3122,121.1114,26.99,80,100,3.88,PH,1673350791
98,inhambane,-23.865,35.3833,30.99,55,40,3.09,MZ,1673350899
99,dudinka,69.4058,86.1778,-40.77,93,34,3.55,RU,1673350899
100,hithadhoo,-0.6,73.0833,27.0,78,96,4.6,MV,1673350899
101,gibsons,49.3997,-123.5027,8.97,91,100,1.34,CA,1673350899
102,georgetown,5.4112,100.3354,28.96,77,20,2.68,MY,1673350636
103,khilok,51.3674,110.4676,-11.37,97,81,0.69,RU,1673350901
104,butaritari,3.0707,172.7902,27.37,73,10,8.29,KI,1673350901
105,zhuhai,22.2769,113.5678,18.25,94,40,6.17,CN,1673350813
106,cherskiy,68.75,161.3,-30.16,97,100,2.23,RU,1673350901
107,alice springs,-23.7,133.8833,25.75,73,75,3.6,AU,1673350645
108,tecoanapa,16.5167,-98.75,21.89,73,0,1.6,MX,1673350902
109,korocha,50.8107,37.1953,-9.6,70,100,7.35,RU,1673350902
110,datong,40.0936,113.2914,-1.46,47,5,0.38,CN,1673350902
111,grindavik,63.8424,-22.4338,2.26,69,40,6.69,IS,1673350902
112,pangnirtung,66.1451,-65.7125,-33.02,84,13,1.12,CA,1673350902
113,avarua,-21.2078,-159.775,26.03,94,100,3.6,CK,1673350903
114,ahipara,-35.1667,173.1667,17.26,86,100,5.0,NZ,1673350903
115,ferrol,43.4832,-8.2369,16.26,79,99,8.11,ES,1673350903
116,souillac,-20.5167,57.5167,26.21,83,75,5.14,MU,1673350903
117,lavrentiya,65.5833,-171.0,-22.16,92,5,4.34,RU,1673350904
118,rayagada,19.1667,83.4167,24.56,22,0,1.09,IN,1673350904
119,wattegama,6.7989,81.4808,24.71,72,49,4.27,LK,1673350904
120,kotma,23.2,81.9667,19.24,22,0,4.17,IN,1673350742
121,oussouye,12.485,-16.5469,28.1,15,78,6.11,SN,1673350904
122,clyde river,70.4692,-68.5914,-28.87,69,0,3.6,CA,1673350904
123,kikwit,-5.041,18.8162,31.2,48,48,1.25,CD,1673350905
124,punta arenas,-53.15,-70.9167,10.06,71,20,6.17,CL,1673350905
125,katsuura,35.1333,140.3,5.68,43,0,6.3,JP,1673350905
126,arraial do cabo,-22.9661,-42.0278,24.92,94,100,2.57,BR,1673350905
127,oromocto,45.8351,-66.4792,-3.49,96,75,2.06,CA,1673350906
128,leningradskiy,69.3833,178.4167,-28.19,98,55,4.39,RU,1673350906
129,flinders,-34.5833,150.8552,20.21,76,27,2.21,AU,1673350892
130,hilo,19.7297,-155.09,25.16,76,0,3.6,US,1673350906
131,imeni zhelyabova,58.9544,36.5956,-9.97,92,100,6.17,RU,1673350906
132,gamba,-2.65,10.0,29.22,64,36,3.79,GA,1673350906
133,makakilo city,21.3469,-158.0858,21.18,75,75,2.57,US,1673350907
134,geraldton,-28.7667,114.6,22.23,68,75,5.66,AU,1673350828
135,bethel,41.3712,-73.414,3.2,78,100,0.0,US,1673350907
136,hualmay,-11.0964,-77.6139,20.61,82,91,2.49,PE,1673350907
137,ponta do sol,32.6667,-17.1,22.06,70,52,1.89,PT,1673350908
138,tamandare,-8.7597,-35.1047,28.57,61,25,4.14,BR,1673350908
139,kapaa,22.0752,-159.319,21.99,81,75,2.06,US,1673350908
140,bathsheba,13.2167,-59.5167,25.34,83,40,8.23,BB,1673350908
141,gasa,31.5,34.4667,18.82,51,0,2.19,PS,1673350908
142,umba,66.6871,34.3429,-9.13,93,100,4.98,RU,1673350909
143,ushtobe,45.2514,77.9838,-5.84,95,100,2.87,KZ,1673350909
144,longonjo,-12.9067,15.2533,25.38,58,98,1.42,AO,1673350909
145,airai,-8.9266,125.4092,16.61,93,72,0.37,TL,1673350909
146,zruc nad sazavou,49.7401,15.1061,7.51,76,100,5.31,CZ,1673350910
147,sinnai,39.3042,9.2036,14.17,50,40,12.35,IT,1673350911
148,ust-nera,64.5667,143.2,-45.96,95,58,1.07,RU,1673350912
149,khorol,49.7837,33.2783,-3.54,43,97,9.06,UA,1673350912
150,carnot,4.9409,15.8665,37.22,9,67,2.78,CF,1673350912
151,biak,-0.9131,122.8766,25.2,84,100,0.52,ID,1673350912
152,luderitz,-26.6481,15.1594,23.73,57,56,4.88,NA,1673350913
153,beloha,-25.1667,45.05,28.36,68,95,1.59,MG,1673350913
154,fortuna,40.5982,-124.1573,13.19,54,100,9.77,US,1673350913
155,ancud,-41.8697,-73.8203,10.46,81,16,0.73,CL,1673350914
156,kuminskiy,58.6667,66.5667,-15.7,91,99,3.85,RU,1673350914
157,ostersund,63.1792,14.6357,-0.22,100,100,16.99,SE,1673350914
158,adrar,20.5022,-10.0711,21.61,11,100,8.46,MR,1673350914
159,saint-jean-port-joli,47.2171,-70.2658,-5.11,90,100,4.63,CA,1673350914
160,tomohon,1.3346,124.8392,21.52,87,100,2.42,ID,1673350915
161,saskylakh,71.9167,114.0833,-37.08,96,100,2.33,RU,1673350915
162,nikolskoye,59.7035,30.7861,-7.06,89,100,6.02,RU,1673350915
163,ambikapur,23.1167,83.2,17.93,25,0,1.94,IN,1673350915
164,saint george,37.1041,-113.5841,8.33,86,75,3.09,US,1673350916
165,mbanza-ngungu,-5.25,14.8667,24.58,79,95,0.99,CD,1673350916
166,iracoubo,5.4802,-53.2011,24.77,91,88,4.47,GF,1673350916
167,kahului,20.8947,-156.47,23.8,77,75,2.06,US,1673350916
168,bluff,-46.6,168.3333,15.3,93,100,2.03,NZ,1673350917
169,dunedin,-45.8742,170.5036,14.29,93,100,1.59,NZ,1673350804
170,lubao,14.9167,120.55,25.04,78,96,1.81,PH,1673350917
171,ipameri,-17.7219,-48.1597,22.34,85,100,1.29,BR,1673350917
172,victoria,22.2855,114.1577,18.86,93,100,3.87,HK,1673350759
173,nouadhibou,20.931,-17.0347,20.99,35,2,5.66,MR,1673350918
174,sao miguel do araguaia,-13.275,-50.1628,24.89,81,70,1.77,BR,1673350918
175,faanui,-16.4833,-151.75,25.7,77,100,3.24,PF,1673350918
176,udachnyy,66.4167,112.4,-42.68,95,100,2.37,RU,1673350918
177,vao,-22.6667,167.4833,24.75,70,1,8.38,NC,1673350919
178,norman wells,65.282,-126.8329,-15.98,85,100,2.57,CA,1673350919
179,sayyan,15.1718,44.3244,19.54,30,11,2.56,YE,1673350919
180,dalvik,65.9702,-18.5286,0.96,96,100,4.27,IS,1673350920
181,bredasdorp,-34.5322,20.0403,29.18,38,22,5.77,ZA,1673350920
182,port lincoln,-34.7333,135.8667,17.62,83,5,3.66,AU,1673350921
183,zeya,53.75,127.2667,-22.18,100,100,0.71,RU,1673350922
184,mahebourg,-20.4081,57.7,27.36,83,75,5.14,MU,1673350922
185,nyagan,62.1406,65.3936,-13.11,87,100,4.07,RU,1673350922
186,upernavik,72.7868,-56.1549,-29.08,97,100,2.41,GL,1673350923
187,lagoa,39.05,-27.9833,14.73,63,8,7.59,PT,1673350923
188,port alfred,-33.5906,26.891,27.32,81,25,1.79,ZA,1673350795
189,namibe,-15.1961,12.1522,25.91,59,60,4.98,AO,1673350923
190,nishihara,26.1842,127.7558,19.6,68,40,5.66,JP,1673350736
191,constitucion,-35.3333,-72.4167,17.84,73,99,1.53,CL,1673350924
192,atar,20.5169,-13.0499,23.18,10,100,3.97,MR,1673350924
193,pomabamba,-8.8333,-77.4667,9.55,84,99,1.1,PE,1673350924
194,saint-philippe,-21.3585,55.7679,27.77,75,31,6.23,RE,1673350924
195,buta,2.7858,24.73,38.35,18,73,0.17,CD,1673350924
196,saint-pierre,-21.3393,55.4781,29.95,69,75,2.57,RE,1673350925
197,tasiilaq,65.6145,-37.6368,-9.91,53,11,2.49,GL,1673350925
198,baiyin,36.5583,104.2081,-0.19,47,78,2.22,CN,1673350926
199,itoman,26.1247,127.6694,20.01,68,40,5.66,JP,1673350926
200,avera,33.194,-82.5271,2.73,81,99,2.13,US,1673350926
201,kruisfontein,-34.0033,24.7314,26.6,46,2,6.37,ZA,1673350926
202,andros town,24.7,-77.7667,21.98,74,9,4.72,BS,1673350926
203,lovozero,68.005,35.0117,-17.2,93,90,2.89,RU,1673350927
204,petropavlivka,48.4564,36.4367,-5.63,53,88,8.89,UA,1673350927
205,sao filipe,14.8961,-24.4956,24.23,69,18,2.76,CV,1673350927
206,semnan,35.5729,53.3971,5.4,37,100,1.29,IR,1673350927
207,russell,32.3502,-85.1999,2.78,100,0,1.54,US,1673350928
208,codajas,-3.8367,-62.0569,23.49,96,100,0.48,BR,1673350928
209,port hardy,50.6996,-127.4199,7.1,87,75,8.23,CA,1673350928
210,andenes,69.3143,16.1194,1.99,69,0,5.14,NO,1673350928
211,moerai,-22.4333,-151.3333,24.02,87,100,9.55,PF,1673350929
212,mehran,33.1222,46.1646,15.78,43,18,9.05,IR,1673350929
213,ponta delgada,37.7333,-25.6667,16.4,82,20,4.63,PT,1673350929
214,jalu,29.0331,21.5482,20.6,28,0,5.6,LY,1673350929
215,lethem,3.3803,-59.7968,24.35,84,100,4.42,GY,1673350930
216,victor harbor,-35.5667,138.6167,17.22,84,7,0.45,AU,1673350930
217,loudeac,48.1783,-2.7543,13.6,89,100,9.78,FR,1673350634
218,la palma,33.8464,-118.0467,15.72,96,100,5.14,US,1673350930
219,puerto madero,14.7208,-92.4215,23.78,75,25,1.57,MX,1673350931
220,kyakhta,50.3508,106.4494,-16.26,95,37,1.54,RU,1673350931
221,kirakira,-10.4544,161.9205,25.85,85,100,2.42,SB,1673350931
222,sibolga,1.7427,98.7792,25.06,88,98,1.18,ID,1673350931
223,portland,45.5234,-122.6762,8.18,88,20,3.58,US,1673350932
224,torbay,47.6666,-52.7314,-3.01,82,100,5.14,CA,1673350932
225,zhoucheng,35.9122,116.3117,4.22,32,0,2.34,CN,1673350932
226,hasaki,35.7333,140.8333,1.22,43,23,7.3,JP,1673350640
227,puerto penasco,31.3167,-113.5333,16.1,55,100,0.68,MX,1673350933
228,nantucket,41.2835,-70.0995,3.08,73,0,4.12,US,1673350933
229,moron,-34.6534,-58.6198,26.14,69,59,3.02,AR,1673350934
230,teguise,29.0605,-13.564,19.12,73,40,6.69,ES,1673350934
231,san policarpo,12.1791,125.5072,26.05,84,100,7.53,PH,1673350934
232,norfolk,42.1668,-71.2495,2.77,78,100,2.06,US,1673350934
233,flin flon,54.7682,-101.865,-9.92,96,100,1.62,CA,1673350934
234,te anau,-45.4167,167.7167,14.53,91,99,1.03,NZ,1673350934
235,channarayapatna,12.9044,76.3917,25.09,28,9,3.71,IN,1673350936
236,marawi,7.9986,124.2928,19.91,96,100,0.71,PH,1673350936
237,uvalde,29.3669,-99.767,9.51,100,0,0.0,US,1673350936
238,hofn,64.2539,-15.2082,2.63,68,44,6.39,IS,1673350937
239,mikuni,36.2171,136.1519,2.95,61,93,3.39,JP,1673350937
240,mizdah,31.4451,12.9801,15.87,52,94,8.25,LY,1673350937
241,luancheng,37.8792,114.6517,-2.91,33,0,0.84,CN,1673350937
242,longyearbyen,78.2186,15.6401,-0.09,69,75,10.8,SJ,1673350937
243,bandar-e lengeh,26.5579,54.8807,20.06,100,100,5.14,IR,1673350938
244,kyra,49.5776,111.9753,-9.28,88,100,0.81,RU,1673350938
245,fethiye,36.6217,29.1164,17.93,68,65,6.38,TR,1673350938
246,jiexiu,37.0244,111.9125,2.66,47,38,1.24,CN,1673350938
247,mar del plata,-38.0023,-57.5575,23.79,85,0,5.81,AR,1673350939
248,jose de freitas,-4.7564,-42.5756,25.53,71,93,2.64,BR,1673350939
249,sangueya,10.7,-14.3667,36.55,12,74,3.33,GN,1673350940
250,belmonte,-15.8631,-38.8828,27.96,68,89,2.81,BR,1673350941
251,tabou,4.423,-7.3528,29.89,60,62,2.56,CI,1673350941
252,prestea,5.4327,-2.1428,35.56,30,46,1.82,GH,1673350941
253,port elizabeth,-33.918,25.5701,27.83,76,20,5.14,ZA,1673350941
254,maniitsoq,65.4167,-52.9,-9.41,72,36,3.61,GL,1673350942
255,taloqan,36.7361,69.5345,2.24,82,100,1.75,AF,1673350942
256,pacific grove,36.6177,-121.9166,12.51,87,99,4.02,US,1673350942
257,chara,56.9064,118.2631,-18.18,76,5,1.22,RU,1673350942
258,dingle,10.9995,122.6711,23.08,95,100,4.89,PH,1673350943
259,dromolaxia,34.8761,33.586,17.81,44,20,2.24,CY,1673350943
260,port hedland,-20.3167,118.5667,27.03,83,0,7.2,AU,1673350943
261,touros,-5.1989,-35.4608,28.62,66,84,6.17,BR,1673350943
262,srandakan,-7.9386,110.2506,26.21,81,65,1.84,ID,1673350944
263,olafsvik,64.8945,-23.7142,1.67,80,71,10.16,IS,1673350944
264,tuatapere,-46.1333,167.6833,15.68,97,99,1.83,NZ,1673350944
265,lokosovo,61.1333,74.8167,-36.17,99,15,2.54,RU,1673350944
266,lata,40.1629,-8.3327,14.34,81,91,1.28,PT,1673350945
267,aransas pass,27.9095,-97.15,17.21,96,100,1.54,US,1673350945
268,port macquarie,-31.4333,152.9167,19.38,77,26,4.1,AU,1673350945
269,sojat,25.9167,73.6667,22.67,26,0,2.45,IN,1673350945
270,ribeira grande,38.5167,-28.7,15.22,72,40,3.13,PT,1673350946
271,sarab,38.6066,44.9883,1.62,51,40,1.03,IR,1673350946
272,kenai,60.5544,-151.2583,-3.97,80,75,6.69,US,1673350946
273,laguna,38.421,-121.4238,15.6,93,100,5.66,US,1673350946
274,san patricio,28.017,-97.5169,17.13,94,15,2.03,US,1673350947
275,bairiki,1.3292,172.9752,27.0,83,20,5.14,KI,1673350947
276,matara,5.9485,80.5353,25.68,80,48,1.61,LK,1673350947
277,muli,2.9167,73.5667,27.04,76,51,6.83,MV,1673350947
278,gannan,47.9147,123.5031,-13.74,90,34,1.23,CN,1673350947
279,pentecoste,-3.7928,-39.2703,27.94,66,100,4.0,BR,1673350948
280,bengkulu,-3.8004,102.2655,25.41,84,82,1.38,ID,1673350895
281,seoul,37.5683,126.9778,1.78,65,0,2.57,KR,1673350357
282,fairbanks,64.8378,-147.7164,-17.02,77,20,4.12,US,1673350948
283,klaksvik,62.2266,-6.589,4.51,81,69,3.05,FO,1673350948
284,qandala,11.472,49.8728,26.14,65,6,4.68,SO,1673350949
285,ambur,12.7833,78.7,23.78,62,29,3.1,IN,1673350949
286,thompson,55.7435,-97.8558,-11.91,85,100,3.6,CA,1673350950
287,port augusta,-32.5,137.7667,23.65,54,100,7.35,AU,1673350950
288,izumo,35.3667,132.7667,1.94,75,20,3.09,JP,1673350735
289,margate,51.3813,1.3862,7.95,90,100,6.26,GB,1673350950
290,perth,-31.9333,115.8333,23.34,71,100,8.23,AU,1673350803
291,punto fijo,11.6956,-70.1996,24.71,84,7,6.88,VE,1673350950
292,khatanga,71.9667,102.5,-31.93,99,100,4.31,RU,1673350951
293,somerset,40.5668,-74.5496,3.79,80,100,1.54,US,1673350951
294,hirara,24.8,125.2833,20.15,68,75,4.12,JP,1673350951
295,kushima,31.4583,131.2333,8.2,80,2,3.03,JP,1673350951
296,cabedelo,-6.9811,-34.8339,28.37,65,99,4.96,BR,1673350951
297,kangasala,61.4638,24.076,-4.85,100,100,4.11,FI,1673350951
298,bria,6.5423,21.9863,37.65,11,54,1.53,CF,1673350952
299,astaneh-ye ashrafiyeh,37.2596,49.9444,4.96,99,100,1.79,IR,1673350952
300,ilulissat,69.2167,-51.1,-26.17,94,46,2.14,GL,1673350952
301,mongoumba,3.6415,18.5936,37.87,11,16,2.3,CF,1673350952
302,broken hill,-31.95,141.4333,31.73,20,100,6.0,AU,1673350952
303,yaan,7.3833,8.5667,34.48,10,24,4.89,NG,1673350953
304,vila franca do campo,37.7167,-25.4333,16.23,83,67,4.01,PT,1673350953
305,desaguadero,-16.5656,-69.0417,8.49,73,82,1.85,PE,1673350953
306,ostrovnoy,68.0531,39.5131,-9.03,88,100,14.42,RU,1673350953
307,tezu,27.9167,96.1667,16.23,44,0,1.98,IN,1673350953
308,kalmunai,7.4167,81.8167,24.89,74,36,5.9,LK,1673350490
309,sao joao da barra,-21.6403,-41.0511,25.05,91,100,2.69,BR,1673350954
310,the valley,18.217,-63.0578,25.61,83,40,6.17,AI,1673350954
311,kampong thum,12.7111,104.8887,23.18,96,97,2.38,KH,1673350954
312,ruteng,-8.6136,120.4721,17.07,85,44,0.37,ID,1673350954
313,molina,-35.1167,-71.2833,17.98,67,100,0.0,CL,1673350954
314,nanortalik,60.1432,-45.2371,-3.59,63,100,1.37,GL,1673350955
315,kanungu,-0.9575,29.7897,22.91,58,99,1.05,UG,1673350955
316,pochutla,15.7432,-96.4661,21.57,62,0,1.63,MX,1673350955
317,mangrol,21.1167,70.1167,26.8,49,0,3.53,IN,1673350955
318,shu,43.5983,73.7614,-6.27,96,100,3.41,KZ,1673350955
319,taltal,-25.4,-70.4833,19.64,71,8,0.23,CL,1673350956
320,cabo san lucas,22.8909,-109.9124,19.73,81,0,0.45,MX,1673350956
321,ilhabela,-23.7781,-45.3581,24.71,86,100,1.88,BR,1673350956
322,staryy nadym,65.6118,72.6842,-35.08,100,100,3.46,RU,1673350957
323,sherbakul,54.6316,72.3963,-30.06,98,33,3.67,RU,1673350957
324,eenhana,-17.4667,16.3333,34.53,18,93,5.59,NA,1673350957
325,ola,59.5833,151.2833,-27.76,90,20,2.9,RU,1673350957
326,batagay,67.6333,134.6333,-48.24,99,55,0.65,RU,1673350957
327,quatre cocos,-20.2078,57.7625,27.27,69,31,5.93,MU,1673350958
328,ocampo,21.65,-101.5,5.81,67,0,1.51,MX,1673350958
329,placido de castro,-10.3353,-67.1856,25.12,79,66,1.5,BR,1673350958
330,lazaro cardenas,17.9583,-102.2,21.09,71,1,1.74,MX,1673350958
331,matagami,49.7502,-77.6328,-22.94,84,20,2.57,CA,1673350958
332,santa paula,34.3542,-119.0593,16.38,90,100,5.14,US,1673350958
333,gravdal,68.1214,13.5031,2.94,75,75,1.54,NO,1673350959
334,adre,13.4667,22.2,27.24,15,73,5.42,TD,1673350959
335,eureka,40.8021,-124.1637,13.34,92,71,2.9,US,1673350959
336,glasgow,55.8652,-4.2576,6.84,89,100,4.12,GB,1673350959
337,chapais,49.7834,-74.8492,-22.12,100,97,2.14,CA,1673350960
338,grand gaube,-20.0064,57.6608,27.43,70,11,3.58,MU,1673350960
339,aklavik,68.2191,-135.0107,-30.69,96,27,1.48,CA,1673350960
340,kamina,-8.7386,24.9906,24.25,74,88,1.14,CD,1673350960
341,vila,42.0304,-8.1588,6.49,93,100,2.67,PT,1673350960
342,camacha,33.0833,-16.3333,17.68,63,40,3.6,PT,1673350961
343,palana,59.1167,159.9667,-15.93,96,100,3.13,RU,1673350961
344,bluefield,37.2698,-81.2223,-3.67,84,100,0.98,US,1673350962
345,qingdao,36.0986,120.3719,0.78,80,0,2.0,CN,1673350740
346,kholmskaya,44.846,38.389,0.0,44,16,4.96,RU,1673350962
347,shelburne,44.0787,-80.2041,-2.56,96,100,2.21,CA,1673350962
348,korla,41.7597,86.1469,-0.87,39,90,0.45,CN,1673350963
349,petropavlovsk-kamchatskiy,53.0452,158.6483,-19.57,60,0,3.0,RU,1673350877
350,shingu,33.7333,135.9833,2.02,72,0,3.14,JP,1673350963
351,quelimane,-17.8786,36.8883,31.97,58,75,3.6,MZ,1673350963
352,luangwa,-15.6167,30.4167,30.05,65,72,2.06,ZM,1673350963
353,puerto escondido,15.85,-97.0667,23.4,66,0,1.93,MX,1673350964
354,galle,6.0367,80.217,25.68,79,55,1.12,LK,1673350713
355,boa vista,2.8197,-60.6733,23.99,83,75,2.57,BR,1673350964
356,bac lieu,9.285,105.7244,24.7,87,74,6.74,VN,1673350964
357,marystown,47.1666,-55.1483,-2.23,92,100,9.08,CA,1673350964
358,potosi,-19.5836,-65.7531,3.48,93,20,1.54,BO,1673350965
359,sinnamary,5.3833,-52.95,25.0,89,95,4.95,GF,1673350965
360,chicama,-7.8447,-79.1469,17.3,77,99,0.93,PE,1673350965
361,praxedis guerrero,31.3667,-106.0167,10.46,38,6,0.86,MX,1673350966
362,mazagao,-0.115,-51.2894,26.03,86,85,1.7,BR,1673350966
363,mercedes,-34.6515,-59.4307,26.13,35,67,3.49,AR,1673350966
364,vimercate,45.6119,9.3671,14.32,28,0,6.69,IT,1673350966
365,uyar,55.81,94.3153,-21.11,86,83,6.15,RU,1673350966
366,jumla,29.2747,82.1838,5.95,39,10,0.76,NP,1673350966
367,phalombe,-15.8064,35.6507,25.51,81,81,0.77,MW,1673350967
368,aguas formosas,-17.0822,-40.9358,26.49,78,85,1.07,BR,1673350967
369,palmer,42.1584,-72.3287,3.23,70,100,6.17,US,1673350967
370,phalodi,27.1333,72.3667,22.43,13,1,2.19,IN,1673350968
371,lompoc,34.6391,-120.4579,15.43,94,100,7.72,US,1673350968
372,kirov,58.5966,49.6601,-27.15,95,11,1.81,RU,1673350968
373,terrace,54.5163,-128.6035,0.95,86,100,2.57,CA,1673350968
374,bilibino,68.0546,166.4372,-20.47,96,100,0.63,RU,1673350968
375,axim,4.8699,-2.2405,31.54,51,37,1.88,GH,1673350968
376,chaumont,48.1167,5.1333,6.03,83,96,5.59,FR,1673350969
377,santa cruz del sur,20.7147,-77.9956,21.49,92,2,4.14,CU,1673350969
378,magdagachi,53.45,125.8,-21.36,99,100,0.64,RU,1673350969
379,las choapas,17.9333,-94.0833,20.1,96,31,1.42,MX,1673350969
380,cayenne,4.9333,-52.3333,25.02,94,100,0.51,GF,1673350969
381,abu samrah,35.3029,37.1841,10.67,49,0,0.26,SY,1673350969
382,okakarara,-20.5833,17.4333,33.11,17,81,5.15,NA,1673350811
383,muisne,0.6,-80.0333,22.28,95,100,2.58,EC,1673350970
384,umm kaddadah,13.6017,26.6876,24.66,15,59,7.95,SD,1673350970
385,raudeberg,61.9875,5.1352,5.48,29,93,10.08,NO,1673350970
386,ciudad bolivar,8.1222,-63.5497,23.64,81,96,3.74,VE,1673350970
387,praia,14.9215,-23.5087,25.3,65,40,8.75,CV,1673350864
388,carroll,39.5501,-77.0164,0.62,77,0,2.06,US,1673350971
389,el alto,-4.2714,-81.2147,20.19,77,100,0.76,PE,1673350971
390,tautira,-17.7333,-149.15,24.61,86,100,6.06,PF,1673350971
391,sindor,62.8629,51.8905,-22.07,81,97,3.86,RU,1673350971
392,awjilah,29.1081,21.2869,20.66,27,1,6.04,LY,1673350971
393,udimskiy,61.1417,45.9144,-21.04,81,2,4.43,RU,1673350972
394,pindwara,24.8,73.0667,23.7,32,0,2.78,IN,1673350972
395,yate,51.5407,-2.4184,12.63,97,100,1.34,GB,1673350972
396,rantepao,-2.9701,119.8978,20.13,96,100,1.03,ID,1673350973
397,daru,-9.0763,143.2092,26.61,82,99,0.99,PG,1673350973
398,eydhafushi,5.1033,73.0708,26.67,78,80,4.61,MV,1673350973
399,sovetskiy,61.3614,63.5842,-14.61,75,100,5.48,RU,1673350973
400,diamantino,-14.4086,-56.4461,23.87,86,98,3.1,BR,1673350974
401,dieppe,49.75,1.1667,7.1,92,100,2.24,FR,1673350974
402,akureyri,65.6835,-18.0878,0.96,86,75,4.63,IS,1673350974
403,yar-sale,66.8333,70.8333,-38.55,98,6,3.18,RU,1673350974
404,bardiyah,31.7561,25.0865,18.1,49,0,8.07,LY,1673350975
405,tecolotlan,20.2167,-104.05,13.63,47,0,1.37,MX,1673350975
406,bako,5.7833,36.5667,28.42,27,28,0.94,ET,1673350975
407,saint anthony,45.0205,-93.218,-2.04,92,100,2.06,US,1673350976
408,sabang,5.8933,95.3214,26.89,69,68,3.32,ID,1673350976
409,omboue,-1.5746,9.2618,30.26,60,58,2.66,GA,1673350976
410,vardo,70.3705,31.1107,-5.01,86,75,13.89,NO,1673350976
411,uyuni,-20.4597,-66.825,8.86,21,0,1.54,BO,1673350977
412,kijang,35.2442,129.2139,5.85,58,27,1.55,KR,1673350965
413,minsk,53.9,27.5667,-2.14,94,100,6.64,BY,1673350770
414,nemuro,43.3236,145.575,-4.33,63,97,11.13,JP,1673350720
415,caronport,50.4501,-105.8179,-11.89,95,100,1.14,CA,1673350977
416,rio grande,-32.035,-52.0986,24.06,67,0,4.17,BR,1673350977
417,prince rupert,54.3161,-130.3201,7.83,62,100,7.72,CA,1673350978
418,meiganga,6.5167,14.3,32.68,11,79,2.22,CM,1673350978
419,sampit,-2.5333,112.95,25.3,85,99,1.68,ID,1673350978
420,panama city,8.9936,-79.5197,25.16,89,40,3.09,PA,1673350978
421,manitouwadge,49.1215,-85.8403,-22.34,97,95,1.94,CA,1673350979
422,umred,20.85,79.3333,29.16,22,0,1.32,IN,1673350979
423,krasnoselkup,65.7,82.4667,-42.89,97,51,3.04,RU,1673350979
424,quetame,4.3323,-73.8614,14.7,89,59,0.91,CO,1673350980
425,bambous virieux,-20.3428,57.7575,27.34,83,75,5.14,MU,1673350980
426,pyapon,16.2833,95.6833,26.33,45,0,1.3,MM,1673350980
427,minot,48.2325,-101.2963,-4.99,86,0,1.54,US,1673350980
428,waslala,13.2333,-85.3833,18.05,98,33,1.53,NI,1673350980
429,senador jose porfirio,-2.5908,-51.9542,24.98,89,94,1.58,BR,1673350981
430,thinadhoo,0.5333,72.9333,27.34,75,98,5.65,MV,1673350981
431,tocopilla,-22.092,-70.1979,21.65,65,27,3.41,CL,1673350981
432,fort-shevchenko,44.5086,50.263,-10.26,77,33,8.33,KZ,1673350981
433,richards bay,-28.783,32.0377,32.33,49,0,6.55,ZA,1673350982
434,baghdad,33.3406,44.4009,11.95,76,20,9.26,IQ,1673350826
435,lakes entrance,-37.8811,147.981,16.98,89,39,5.29,AU,1673350982
436,bani walid,31.7566,13.9942,16.81,57,44,10.85,LY,1673350983
437,sovetskaya gavan,48.9723,140.2878,-18.66,91,9,2.18,RU,1673350983
438,nagai,38.1036,140.035,-1.28,82,86,5.64,JP,1673350983
439,anderson,34.5334,-82.6499,3.49,93,0,0.0,US,1673350983
440,borkenes,68.774,16.1739,0.55,79,99,4.92,NO,1673350984
441,tromso,69.6496,18.957,-4.99,80,0,0.0,NO,1673350984
442,polovinnoye,54.7914,65.9864,-26.11,93,23,3.92,RU,1673350984
443,monterey,36.2505,-121.2516,11.21,1,98,9.86,US,1673350984
444,komsomolskiy,40.4272,71.7189,1.4,69,100,3.09,UZ,1673350984
445,altay,47.8667,88.1167,-4.04,97,100,0.24,CN,1673350985
446,wynyard,-41.0,145.7167,15.05,90,34,3.04,AU,1673350985
447,meulaboh,4.1363,96.1285,25.85,79,36,1.88,ID,1673350986
448,bhadrachalam,17.6667,80.8833,26.01,24,0,0.65,IN,1673350986
449,nea pella,40.7661,22.4856,13.42,71,100,3.61,GR,1673350987
450,durban,-29.8579,31.0292,32.73,80,1,2.68,ZA,1673350812
451,narok,-1.0783,35.8601,23.15,42,84,4.28,KE,1673350987
452,lesogorskiy,61.0455,28.9294,-7.47,88,100,4.45,RU,1673350987
453,aleksandrov gay,50.147,48.5704,-17.33,67,0,3.02,RU,1673350987
454,khuzhir,53.1939,107.3397,-6.93,87,99,3.25,RU,1673350988
455,imbituba,-28.24,-48.6703,24.36,65,81,3.6,BR,1673350988
456,dumas,35.8656,-101.9732,8.08,31,0,11.83,US,1673350988
457,oum hadjer,13.2954,19.6966,29.29,12,43,2.59,TD,1673350988
458,moskovskiy,55.5991,37.355,-9.9,59,0,7.15,RU,1673350989
459,la rioja,42.25,-2.5,3.88,52,42,1.42,ES,1673350989
460,skjervoy,70.0311,20.9714,-4.0,66,78,5.46,NO,1673350989
461,marzuq,14.4,46.4667,27.13,23,0,5.15,YE,1673350989
462,pitimbu,-7.4706,-34.8086,28.33,66,78,4.2,BR,1673350989
463,kabarnet,0.4919,35.743,24.55,29,40,2.11,KE,1673350989
464,vallenar,-28.5708,-70.7581,20.06,59,0,1.25,CL,1673350990
465,iskateley,67.6803,53.1512,-15.38,78,100,6.91,RU,1673350990
466,maguilling,17.7582,121.4849,20.9,89,79,2.26,PH,1673350990
467,aswan,24.0934,32.907,20.61,37,0,2.57,EG,1673350990
468,namatanai,-3.6667,152.4333,26.69,79,100,1.08,PG,1673350990
469,ahuimanu,21.4447,-157.8378,21.84,83,75,2.57,US,1673350990
470,novo aripuana,-5.1206,-60.3797,22.59,96,100,0.97,BR,1673350991
471,kerrobert,51.9168,-109.1348,-15.97,97,96,0.61,CA,1673350991
472,vanimo,-2.6741,141.3028,25.86,86,77,0.53,PG,1673350991
473,cabrera,19.6426,-69.9049,20.96,86,2,3.56,DO,1673350991
474,bergerac,44.8333,0.5,12.65,87,100,2.57,FR,1673350992
475,los llanos de aridane,28.6585,-17.9182,17.86,78,75,3.09,ES,1673350992
476,kaka,37.3482,59.6143,-3.19,76,100,2.8,TM,1673350992
477,auki,-8.7676,160.7034,25.41,82,100,2.17,SB,1673350992
478,taoudenni,22.6783,-3.9836,22.93,11,69,7.12,ML,1673350993
479,muravlenko,63.7898,74.523,-36.19,95,7,5.15,RU,1673350993
480,trairi,-3.2778,-39.2689,29.04,63,92,5.98,BR,1673350993
481,bainbridge,47.6262,-122.5212,8.7,92,100,3.09,US,1673350993
482,ingraj bazar,25.0,88.15,18.77,27,0,3.32,IN,1673350967
483,ruston,32.5232,-92.6379,6.9,100,20,4.12,US,1673350994
484,farmington,36.7281,-108.2187,2.65,83,75,4.12,US,1673350994
485,lashio,22.9333,97.75,16.02,56,0,0.6,MM,1673350994
486,bafq,31.6128,55.4107,4.37,95,100,4.0,IR,1673350995
487,chernyshevskiy,63.0128,112.4714,-39.88,100,96,1.26,RU,1673350995
488,isangel,-19.55,169.2667,24.96,69,67,3.08,VU,1673350996
489,kendari,-3.945,122.4989,25.01,83,98,1.84,ID,1673350824
490,atikokan,48.7555,-91.6216,-11.42,98,98,2.28,CA,1673350997
491,lumberton,34.6182,-79.0086,0.05,93,0,0.0,US,1673350997
492,rock sound,24.9,-76.2,23.6,70,1,5.8,BS,1673350997
493,clovis,36.8252,-119.7029,16.45,82,100,7.72,US,1673350997
494,innisfail,-17.5333,146.0333,25.26,85,90,1.51,AU,1673350506
495,lanzhou,36.0564,103.7922,2.88,47,93,1.19,CN,1673350843
496,coihaique,-45.5752,-72.0662,9.34,87,75,2.06,CL,1673350998
497,sosnovo-ozerskoye,52.5249,111.5418,-16.29,96,100,1.12,RU,1673350998
498,ballina,-28.8667,153.5667,22.23,86,70,5.57,AU,1673350998
499,callaway,30.153,-85.5699,9.99,79,100,2.06,US,1673350998
500,phu ly,20.5411,105.9139,18.58,84,99,0.35,VN,1673350999
501,baykit,61.67,96.37,-26.26,94,100,2.91,RU,1673350999
502,baracoa,20.3467,-74.4958,22.53,89,19,2.07,CU,1673351000
503,rorvik,64.8621,11.2373,5.06,65,98,6.17,NO,1673351000
504,jequie,-13.8575,-40.0836,23.48,90,95,0.49,BR,1673351000
505,praia da vitoria,38.7333,-27.0667,15.98,82,20,6.94,PT,1673351000
506,coquimbo,-29.9533,-71.3436,18.26,80,13,0.44,CL,1673351000
507,luanda,-8.8368,13.2343,29.0,74,40,1.54,AO,1673350842
508,zhezkazgan,47.8043,67.7144,-19.01,65,0,4.0,KZ,1673351001
509,kumluca,36.3703,30.2869,13.23,85,97,1.05,TR,1673351002
510,yulara,-25.2406,130.9889,28.35,50,94,4.63,AU,1673351002
511,sembakung,3.8167,117.25,23.42,97,100,0.73,ID,1673351002
512,labytnangi,66.6572,66.4183,-28.09,100,100,1.2,RU,1673351002
513,makat,47.6469,53.3463,-16.09,57,0,5.31,KZ,1673351002
514,tomioka,36.25,138.9,3.02,51,0,3.61,JP,1673350883
515,aldan,58.6031,125.3894,-11.0,88,85,5.63,RU,1673351003
516,pangkalanbuun,-2.6833,111.6167,25.01,87,87,1.46,ID,1673351003
517,bubaque,11.2833,-15.8333,26.53,51,96,5.97,GW,1673351003
518,koundara,12.4833,-13.3,33.9,10,39,4.74,GN,1673351004
519,nome,64.5011,-165.4064,-12.96,66,0,11.32,US,1673351004
520,mikhaylovka,50.06,43.2379,-16.23,72,1,5.35,RU,1673351005
521,tabuk,17.4189,121.4443,20.36,90,69,2.38,PH,1673351006
522,opuwo,-18.0607,13.84,33.43,21,80,0.83,NA,1673351006
523,celestun,20.8667,-90.4,20.24,89,5,3.15,MX,1673351006
524,tripoli,32.8752,13.1875,17.29,59,34,10.25,LY,1673351006
525,naze,28.3667,129.4833,16.51,64,8,7.37,JP,1673350748
526,manokwari,-0.8667,134.0833,26.46,81,100,1.12,ID,1673351007
527,kenmare,51.8833,-9.5833,14.13,94,100,9.02,IE,1673351007
528,santa marta,11.2408,-74.199,27.16,78,75,1.54,CO,1673351007
529,kohima,25.6667,94.1167,10.28,72,1,0.66,IN,1673350598
530,makinsk,52.6292,70.4169,-28.29,98,54,3.68,KZ,1673351007
531,srednekolymsk,67.45,153.6833,-46.76,100,55,0.86,RU,1673351007
532,tucurui,-3.7661,-49.6725,25.33,87,99,2.21,BR,1673351008
533,rincon,32.296,-81.2354,9.92,87,100,0.0,US,1673351008
534,yarovoye,52.9273,78.58,-29.02,96,23,3.71,RU,1673351009
535,togur,58.3631,82.8265,-25.29,94,100,3.74,RU,1673351009
536,aquiraz,-3.9014,-38.3911,30.25,76,95,6.09,BR,1673351009
537,verkhnyaya toyma,62.2349,44.9985,-22.39,88,7,2.89,RU,1673351009
538,acapulco,16.8634,-99.8901,23.08,73,0,1.41,MX,1673351009
539,toktogul,41.8708,72.9402,-0.06,98,100,0.34,KG,1673351010
